date,price,,,,,
2/28/17,100,,,,,
3/1/17,105.04,,,,,
3/2/17,120.77,,,,,
3/3/17,122.89,,,,,
3/6/17,123.24,,,,,
3/7/17,119.77,,,,,
3/8/17,109.46,,,,,
3/9/17,115.54,,,,,
3/10/17,120.72,,,,,
3/13/17,173.72,,,,,
3/14/17,174.71,,,,,
3/15/17,200.44,,,,,
3/16/17,229.33,,,,,
3/17/17,253.35,,,,,
3/20/17,243.42,,,,,
3/21/17,240.54,,,,,
3/22/17,234.42,,,,,
3/23/17,237.93,,,,,
3/24/17,269.77,,,,,
3/27/17,268.97,,,,,
3/28/17,271.93,,,,,
3/29/17,284.09,,,,,
3/30/17,289.54,,,,,
3/31/17,278.9,,,,,
4/3/17,272.13,,,,,
4/4/17,276.25,,,,,
4/5/17,285.84,,,,,
4/6/17,266.94,,,,,
4/7/17,264.72,,,,,
4/10/17,271.17,,,,,
4/11/17,270.03,,,,,
4/12/17,289.47,,,,,
4/13/17,305.13,,,,,
4/14/17,297.69,,,,,
4/17/17,298.83,,,,,
4/18/17,303.4,,,,,
4/19/17,303.6,,,,,
4/20/17,302.07,,,,,
4/21/17,306.13,,,,,
4/24/17,321.67,,,,,
4/25/17,323.35,,,,,
4/26/17,345.22,,,,,
4/27/17,373.55,,,,,
4/28/17,411.38,,,,,
5/1/17,472.81,,,,,
5/2/17,480.42,,,,,
5/3/17,499.56,,,,,
5/4/17,571.47,,,,,
5/5/17,575.38,,,,,
5/8/17,646.01,,,,,
5/9/17,628.43,,,,,
5/10/17,650.73,,,,,
5/11/17,648.21,,,,,
5/12/17,618.33,,,,,
5/15/17,683.65,,,,,
5/16/17,725.16,,,,,
5/17/17,779.47,,,,,
5/18/17,785.8,,,,,
5/19/17,877.25,,,,,
5/22/17,1086.34,,,,,
5/23/17,1111.75,,,,,
5/24/17,1233.25,,,,,
5/25/17,1175.16,,,,,
5/26/17,1094.78,,,,,
5/29/17,1162.56,,,,,
5/30/17,1224.37,,,,,
5/31/17,1311.8,,,,,
6/1/17,1331.65,,,,,
6/2/17,1315.54,,,,,
6/5/17,1464.21,,,,,
6/6/17,1500.38,,,,,
6/7/17,1524.03,,,,,
6/8/17,1487.25,,,,,
6/9/17,1575.77,,,,,
6/12/17,1847.43,,,,,
6/13/17,2076.39,,,,,
6/14/17,1937.32,,,,,
6/15/17,1717.04,,,,,
6/16/17,1908.72,,,,,
6/19/17,2152.89,,,,,
6/20/17,2238.42,,,,,
6/21/17,2067.47,,,,,
6/22/17,2105.19,,,,,
6/23/17,2180.98,,,,,
6/26/17,1615.87,,,,,
6/27/17,1806.84,,,,,
6/28/17,1976.98,,,,,
6/29/17,1906.59,,,,,
6/30/17,1869.3,,,,,
7/3/17,1891.24,,,,,
7/4/17,1947.52,,,,,
7/5/17,1977.6,,,,,
7/6/17,1947.53,,,,,
7/7/17,1788.55,,,,,
7/10/17,1582.26,,,,,
7/11/17,1358.33,,,,,
7/12/17,1602.89,,,,,
7/13/17,1497.41,,,,,
7/14/17,1420.75,,,,,
7/17/17,1367.31,,,,,
7/18/17,1522.33,,,,,
7/19/17,1361.13,,,,,
7/20/17,1566.47,,,,,
7/21/17,1572.76,,,,,
7/24/17,1710.46,,,,,
7/25/17,1480.22,,,,,
7/26/17,1506.32,,,,,
7/27/17,1535.79,,,,,
7/28/17,1474.16,,,,,
7/31/17,1488.23,,,,,
8/1/17,1596.97,,,,,
8/2/17,1611.88,,,,,
8/3/17,1647.77,,,,,
8/4/17,1648.96,,,,,
8/7/17,1780.95,,,,,
8/8/17,1854.49,,,,,
8/9/17,1839.02,,,,,
8/10/17,1860.53,,,,,
8/11/17,1813.33,,,,,
8/14/17,1653.26,,,,,
8/15/17,1611.31,,,,,
8/16/17,1686.32,,,,,
8/17/17,1665.01,,,,,
8/18/17,1648.45,,,,,
8/21/17,1787.02,,,,,
8/22/17,1952.1,,,,,
8/23/17,2005.07,,,,,
8/24/17,2042.45,,,,,
8/25/17,2020.89,,,,,
8/28/17,2243.7,,,,,
8/29/17,2255.36,,,,,
8/30/17,2286.51,,,,,
8/31/17,2482.36,,,,,
9/1/17,2744.46,,,,,
9/4/17,2261.69,,,,,
9/5/17,2296.28,,,,,
9/6/17,2450.9,,,,,
9/7/17,2433.49,,,,,
9/8/17,2175.64,,,,,
9/11/17,2151.41,,,,,
9/12/17,2135.34,,,,,
9/13/17,1949.47,,,,,
9/14/17,1639.6,,,,,
9/15/17,1785.43,,,,,
9/18/17,1909.85,,,,,
9/19/17,1849.25,,,,,
9/20/17,1858.15,,,,,
9/21/17,1681.45,,,,,
9/22/17,1682.01,,,,,
9/25/17,1832.33,,,,,
9/26/17,1849.2,,,,,
9/27/17,1999.84,,,,,
9/28/17,1934.79,,,,,
9/29/17,1891.95,,,,,
10/2/17,1872.78,,,,,
10/3/17,1797.08,,,,,
10/4/17,1810.87,,,,,
10/5/17,1862.99,,,,,
10/6/17,1868.89,,,,,
10/9/17,1768.78,,,,,
10/10/17,1857.28,,,,,
10/11/17,1897.59,,,,,
10/12/17,1881.47,,,,,
10/13/17,1899.36,,,,,
10/16/17,2002.66,,,,,
10/17/17,1941.89,,,,,
10/18/17,1827.18,,,,,
10/19/17,1845.55,,,,,
10/20/17,1841.18,,,,,
10/23/17,1705.23,,,,,
10/24/17,1845.64,,,,,
10/25/17,1780.09,,,,,
10/26/17,1766.95,,,,,
10/27/17,1755.31,,,,,
10/30/17,1772.02,,,,,
10/31/17,1752.83,,,,,
11/1/17,1708.66,,,,,
11/2/17,1669.69,,,,,
11/3/17,1742.55,,,,,
11/6/17,1769.07,,,,,
11/7/17,1810.97,,,,,
11/8/17,1954.42,,,,,
11/9/17,2050.39,,,,,
11/10/17,1839.67,,,,,
11/13/17,2004.56,,,,,
11/14/17,2095.86,,,,,
11/15/17,2123.08,,,,,
11/16/17,2224.65,,,,,
11/17/17,2202.99,,,,,
11/20/17,2402.49,,,,,
11/21/17,2402.41,,,,,
11/22/17,2469.8,,,,,
11/23/17,2559.09,,,,,
11/24/17,2530.27,,,,,
11/27/17,2888.07,,,,,
11/28/17,3092.93,,,,,
11/29/17,2761.67,,,,,
11/30/17,2882.54,,,,,
12/1/17,3254.7,,,,,
12/4/17,3447.55,,,,,
12/5/17,3507.95,,,,,
12/6/17,3391.78,,,,,
12/7/17,3235.77,,,,,
12/8/17,3747.26,,,,,
12/11/17,4351.27,,,,,
12/12/17,5576.86,,,,,
12/13/17,5844.48,,,,,
12/14/17,6636.11,,,,,
12/15/17,6823.4,,,,,
12/18/17,8292.94,,,,,
12/19/17,9132.13,,,,,
12/20/17,8763.89,,,,,
12/21/17,9025.16,,,,,
12/22/17,8103.03,,,,,
12/25/17,8366.36,,,,,
12/26/17,8479.94,,,,,
12/27/17,8661.66,,,,,
12/28/17,8409.98,,,,,
12/29/17,9739.74,,,,,
1/1/18,10001.62,,,,,
1/2/18,11111.06,,,,,
1/3/18,12890,,,,,
1/4/18,12915.13,,,,,
1/5/18,12816.76,,,,,
1/8/18,12902.55,,,,,
1/9/18,12490.01,,,,,
1/10/18,11772.33,,,,,
1/11/18,11356.59,,,,,
1/12/18,11938.54,,,,,
1/15/18,11748.54,,,,,
1/16/18,8397.07,,,,,
1/17/18,8429.33,,,,,
1/18/18,10135.78,,,,,
1/19/18,9527.02,,,,,
1/22/18,8351.49,,,,,
1/23/18,9078,,,,,
1/24/18,9102.18,,,,,
1/25/18,9248.44,,,,,
1/26/18,8862.36,,,,,
1/29/18,9202.66,,,,,
1/30/18,8051.97,,,,,
1/31/18,8144.57,,,,,
2/1/18,7203.87,,,,,
2/2/18,6448.61,,,,,
2/5/18,5198.58,,,,,
2/6/18,5631.39,,,,,
2/7/18,6055.71,,,,,
2/8/18,6046.57,,,,,
2/9/18,6627.21,,,,,
2/12/18,6884.79,,,,,
2/13/18,6806.81,,,,,
2/14/18,7508.43,,,,,
2/15/18,7727.51,,,,,
2/16/18,7779.19,,,,,
2/19/18,7939.88,,,,,
2/20/18,7773.6,,,,,
2/21/18,6836.05,,,,,
2/22/18,6521.96,,,,,
2/23/18,6656.04,,,,,
2/26/18,6898.61,,,,,
2/27/18,7052.33,,,,,
2/28/18,6825.17,,,,,
3/1/18,6896.36,,,,,
3/2/18,6658.37,,,,,
3/5/18,6659.1,,,,,
3/6/18,6135.91,,,,,
3/7/18,5583.35,,,,,
3/8/18,5454.16,,,,,
3/9/18,5337.99,,,,,
3/12/18,5173.37,,,,,
3/13/18,5226.23,,,,,
3/14/18,4718.46,,,,,
3/15/18,4533.18,,,,,
3/16/18,4703.95,,,,,
3/19/18,4510.9,,,,,
3/20/18,5138.04,,,,,
3/21/18,5018.29,,,,,
3/22/18,4872.85,,,,,
3/23/18,4865.14,,,,,
3/26/18,4429.43,,,,,
3/27/18,4505.38,,,,,
3/28/18,4508.35,,,,,
3/29/18,4187.35,,,,,
3/30/18,3952.6,,,,,
4/2/18,3969.13,,,,,
4/3/18,4273.45,,,,,
4/4/18,3875.05,,,,,
4/5/18,3935.75,,,,,
4/6/18,3822.69,,,,,
4/9/18,3837.67,,,,,
4/10/18,4001.23,,,,,
4/11/18,4249.36,,,,,
4/12/18,4774.55,,,,,
4/13/18,5262.69,,,,,
4/16/18,5305.87,,,,,
4/17/18,5419.56,,,,,
4/18/18,5827.07,,,,,
4/19/18,6140.38,,,,,
4/20/18,6649.35,,,,,
4/23/18,6846.71,,,,,
4/24/18,7847.5,,,,,
4/25/18,7081.91,,,,,
4/26/18,7220.75,,,,,
4/27/18,7681.4,,,,,
4/30/18,8262.79,,,,,
5/1/18,7902.94,,,,,
5/2/18,8314.74,,,,,
5/3/18,8621.37,,,,,
5/4/18,8362.31,,,,,
5/7/18,8073.61,,,,,
5/8/18,8134.01,,,,,
5/9/18,8091.78,,,,,
5/10/18,7737.71,,,,,
5/11/18,6861.88,,,,,
5/14/18,7163.86,,,,,
5/15/18,6788.59,,,,,
5/16/18,6455.26,,,,,
5/17/18,6371.14,,,,,
5/18/18,6451.22,,,,,
5/21/18,6525.39,,,,,
5/22/18,6297.65,,,,,
5/23/18,5536.88,,,,,
5/24/18,5795.38,,,,,
5/25/18,5627.78,,,,,
5/28/18,5240.44,,,,,
5/29/18,5573.66,,,,,
5/30/18,5351.16,,,,,
5/31/18,5704.76,,,,,
6/1/18,5609.67,,,,,
6/4/18,5752.27,,,,,
6/5/18,5904.74,,,,,
6/6/18,5736.25,,,,,
6/7/18,5918.62,,,,,
6/8/18,5819.68,,,,,
6/11/18,4705.97,,,,,
6/12/18,4474.04,,,,,
6/13/18,4245.79,,,,,
6/14/18,4695.3,,,,,
6/15/18,4555.44,,,,,
6/18/18,4619.85,,,,,
6/19/18,4667.27,,,,,
6/20/18,4639.08,,,,,
6/21/18,4604.05,,,,,
6/22/18,4142.92,,,,,
6/25/18,3988.72,,,,,
6/26/18,3828.27,,,,,
6/27/18,3814.3,,,,,
6/28/18,3770.49,,,,,
6/29/18,3573.4,,,,,
7/2/18,4255.28,,,,,
7/3/18,4199,,,,,
7/4/18,4266.99,,,,,
7/5/18,4098.21,,,,,
7/6/18,4158.71,,,,,
7/9/18,4158.68,,,,,
7/10/18,3877.74,,,,,
7/11/18,3812.54,,,,,
7/12/18,3721.95,,,,,
7/13/18,3761.71,,,,,
7/16/18,4163.6,,,,,
7/17/18,4462.49,,,,,
7/18/18,4582.83,,,,,
7/19/18,4474.85,,,,,
7/20/18,4110.97,,,,,
7/23/18,4180.56,,,,,
7/24/18,4326.59,,,,,
7/25/18,4390.51,,,,,
7/26/18,4470.16,,,,,
7/27/18,4376.8,,,,,
7/30/18,4159.75,,,,,
7/31/18,3952.07,,,,,
8/1/18,3828.76,,,,,
8/2/18,3668,,,,,
8/3/18,3623.18,,,,,
8/6/18,3535.01,,,,,
8/7/18,3531.51,,,,,
8/8/18,3056.62,,,,,
8/9/18,3148.19,,,,,
8/10/18,3121.58,,,,,
8/13/18,2723.91,,,,,
8/14/18,2452.44,,,,,
8/15/18,2663.46,,,,,
8/16/18,2735.55,,,,,
8/17/18,2920.77,,,,,
8/20/18,2779.18,,,,,
8/21/18,2693.02,,,,,
8/22/18,2630.96,,,,,
8/23/18,2655.87,,,,,
8/24/18,2775.8,,,,,
8/27/18,2914.55,,,,,
8/28/18,3172.04,,,,,
8/29/18,3063.57,,,,,
8/30/18,2880.49,,,,,
8/31/18,3052.11,,,,,
9/3/18,3194.65,,,,,
9/4/18,3213.49,,,,,
9/5/18,2829.79,,,,,
9/6/18,2704.19,,,,,
9/7/18,2707.46,,,,,
9/10/18,2581.58,,,,,
9/11/18,2489.75,,,,,
9/12/18,2461.74,,,,,
9/13/18,2590.44,,,,,
9/14/18,2646.64,,,,,
9/17/18,2511.99,,,,,
9/18/18,2579.89,,,,,
9/19/18,2615.69,,,,,
9/20/18,2649.77,,,,,
9/21/18,2973.09,,,,,
9/24/18,2887.31,,,,,
9/25/18,2687.96,,,,,
9/26/18,2790.85,,,,,
9/27/18,2923.33,,,,,
9/28/18,2881.24,,,,,
10/1/18,2854.46,,,,,
10/2/18,2870.62,,,,,
10/3/18,2789.24,,,,,
10/4/18,2887.4,,,,,
10/5/18,2892.97,,,,,
10/8/18,2991.54,,,,,
10/9/18,2929.8,,,,,
10/10/18,2921.19,,,,,
10/11/18,2610.06,,,,,
10/12/18,2613.98,,,,,
10/15/18,2707.37,,,,,
10/16/18,2731.39,,,,,
10/17/18,2745.41,,,,,
10/18/18,2688.06,,,,,
10/19/18,2697.13,,,,,
10/22/18,2753.79,,,,,
10/23/18,2771.82,,,,,
10/24/18,2790,,,,,
10/25/18,2745.71,,,,,
10/26/18,2745.5,,,,,
10/29/18,2591.02,,,,,
10/30/18,2601.06,,,,,
10/31/18,2635.11,,,,,
11/1/18,2651.93,,,,,
11/2/18,2705.3,,,,,
11/5/18,2742.4,,,,,
11/6/18,2792.43,,,,,
11/7/18,2808.65,,,,,
11/8/18,2757.56,,,,,
11/9/18,2689.55,,,,,
11/12/18,2688.17,,,,,
11/13/18,2637.03,,,,,
11/14/18,2211.89,,,,,
11/15/18,2218.52,,,,,
11/16/18,2220.53,,,,,
11/19/18,1867.67,,,,,
11/20/18,1617.14,,,,,
11/21/18,1684.28,,,,,
11/22/18,1692.25,,,,,
11/23/18,1559.87,,,,,
11/26/18,1361.63,,,,,
11/27/18,1400.31,,,,,
11/28/18,1658.77,,,,,
11/29/18,1603.56,,,,,
11/30/18,1511.26,,,,,
12/3/18,1470.01,,,,,
12/4/18,1511.55,,,,,
12/5/18,1458.81,,,,,
12/6/18,1342.37,,,,,
12/7/18,1230.89,,,,,
12/10/18,1270.11,,,,,
12/11/18,1250.6,,,,,
12/12/18,1293.84,,,,,
12/13/18,1223.14,,,,,
12/14/18,1182.48,,,,,
12/17/18,1360.5,,,,,
12/18/18,1359.75,,,,,
12/19/18,1493.47,,,,,
12/20/18,1561.83,,,,,
12/21/18,1563.37,,,,,
12/24/18,1718.14,,,,,
12/25/18,1577.94,,,,,
12/26/18,1574.84,,,,,
12/27/18,1457.68,,,,,
12/28/18,1638.69,,,,,
12/31/18,1506.95,,,,,
1/1/19,1540.3,,,,,
1/2/19,1614.94,,,,,
1/3/19,1568.52,,,,,
1/4/19,1597.26,,,,,
1/7/19,1662.25,,,,,
1/8/19,1709.6,,,,,
1/9/19,1753.96,,,,,
1/10/19,1539.29,,,,,
1/11/19,1556.48,,,,,
1/14/19,1549,,,,,
1/15/19,1489.02,,,,,
1/16/19,1552.4,,,,,
1/17/19,1585.27,,,,,
1/18/19,1566.6,,,,,
1/21/19,1572.12,,,,,
1/22/19,1621.29,,,,,
1/23/19,1589.09,,,,,
1/24/19,1614.56,,,,,
1/25/19,1610.8,,,,,
1/28/19,1493.64,,,,,
1/29/19,1495.03,,,,,
1/30/19,1510.84,,,,,
1/31/19,1453.87,,,,,
2/1/19,1485.87,,,,,
2/4/19,1480.57,,,,,
2/5/19,1479.45,,,,,
2/6/19,1440.54,,,,,
2/7/19,1457.04,,,,,
2/8/19,1573.02,,,,,
2/11/19,1579.63,,,,,
2/12/19,1588.62,,,,,
2/13/19,1564.36,,,,,
2/14/19,1544.57,,,,,
2/15/19,1565.8,,,,,
2/18/19,1699.5,,,,,
2/19/19,1754.66,,,,,
2/20/19,1753.11,,,,,
2/21/19,1697.24,,,,,
2/22/19,1750.53,,,,,
2/25/19,1687.73,,,,,
2/26/19,1704.99,,,,,
2/27/19,1649.48,,,,,
2/28/19,1709.13,,,,,
3/1/19,1757.9,,,,,
3/4/19,1665.94,,,,,
3/5/19,1777.97,,,,,
3/6/19,1788.16,,,,,
3/7/19,1840.87,,,,,
3/8/19,1853.99,,,,,
3/11/19,1847.58,,,,,
3/12/19,1917.66,,,,,
3/13/19,1920.57,,,,,
3/14/19,1949.84,,,,,
3/15/19,1979.84,,,,,
3/18/19,1962.42,,,,,
3/19/19,1978.97,,,,,
3/20/19,2017.56,,,,,
3/21/19,1976.1,,,,,
3/22/19,2016.06,,,,,
3/25/19,1952.17,,,,,
3/26/19,1953.54,,,,,
3/27/19,2046.8,,,,,
3/28/19,2080.32,,,,,
3/29/19,2137.37,,,,,
4/1/19,2219.62,,,,,
4/2/19,2442.68,,,,,
4/3/19,2654.74,,,,,
4/4/19,2412.36,,,,,
4/5/19,2609.89,,,,,
4/8/19,2613.54,,,,,
4/9/19,2584,,,,,
4/10/19,2612.62,,,,,
4/11/19,2355.25,,,,,
4/12/19,2376.24,,,,,
4/15/19,2289.2,,,,,
4/16/19,2369.51,,,,,
4/17/19,2394.51,,,,,
4/18/19,2453.25,,,,,
4/19/19,2453.41,,,,,
4/22/19,2421.56,,,,,
4/23/19,2378.86,,,,,
4/24/19,2210.39,,,,,
4/25/19,2261.62,,,,,
4/26/19,2050.27,,,,,
4/29/19,2078.02,,,,,
4/30/19,2136.41,,,,,
5/1/19,2166.16,,,,,
5/2/19,2165.98,,,,,
5/3/19,2216.09,,,,,
5/6/19,2171.34,,,,,
5/7/19,2122.27,,,,,
5/8/19,2110.01,,,,,
5/9/19,2002.82,,,,,
5/10/19,2087.44,,,,,
5/13/19,2314.31,,,,,
5/14/19,2378.94,,,,,
5/15/19,2715.74,,,,,
5/16/19,2717.28,,,,,
5/17/19,2463.49,,,,,
5/20/19,2644.42,,,,,
5/21/19,2770.46,,,,,
5/22/19,2748.4,,,,,
5/23/19,2608.8,,,,,
5/24/19,2694.07,,,,,
5/27/19,2846.48,,,,,
5/28/19,2894.32,,,,,
5/29/19,3009.29,,,,,
5/30/19,2937.22,,,,,
5/31/19,2873.51,,,,,
6/3/19,2922.68,,,,,
6/4/19,2548.38,,,,,
6/5/19,2656.27,,,,,
6/6/19,2565.09,,,,,
6/7/19,2747.43,,,,,
6/10/19,2784.13,,,,,
6/11/19,2757,,,,,
6/12/19,2831,,,,,
6/13/19,2890.01,,,,,
6/14/19,2759.22,,,,,
6/17/19,2950.54,,,,,
6/18/19,2846.69,,,,,
6/19/19,2899.24,,,,,
6/20/19,2821.63,,,,,
6/21/19,2846.19,,,,,
6/24/19,3028.51,,,,,
6/25/19,3133.55,,,,,
6/26/19,3206.3,,,,,
6/27/19,2752.09,,,,,
6/28/19,2984.96,,,,,
7/1/19,2799.1,,,,,
7/2/19,2880.5,,,,,
7/3/19,2903.79,,,,,
7/4/19,2932.48,,,,,
7/5/19,2876.82,,,,,
7/8/19,2932.79,,,,,
7/9/19,2864.3,,,,,
7/10/19,2708.57,,,,,
7/11/19,2527.51,,,,,
7/12/19,2622.12,,,,,
7/15/19,2244.08,,,,,
7/16/19,1975.31,,,,,
7/17/19,2050.66,,,,,
7/18/19,2175.25,,,,,
7/19/19,2172.19,,,,,
7/22/19,2163.75,,,,,
7/23/19,2165.21,,,,,
7/24/19,2128.19,,,,,
7/25/19,2171.57,,,,,
7/26/19,2192.8,,,,,
7/29/19,2054.12,,,,,
7/30/19,2080.53,,,,,
7/31/19,2104.81,,,,,
8/1/19,2065.21,,,,,
8/2/19,2069.36,,,,,
8/5/19,2114.54,,,,,
8/6/19,2037.65,,,,,
8/7/19,1993.77,,,,,
8/8/19,1935.94,,,,,
8/9/19,1863.47,,,,,
8/12/19,1913.64,,,,,
8/13/19,1884.23,,,,,
8/14/19,1734.31,,,,,
8/15/19,1742.44,,,,,
8/16/19,1760.88,,,,,
8/19/19,1819.26,,,,,
8/20/19,1792.23,,,,,
8/21/19,1731.15,,,,,
8/22/19,1823.63,,,,,
8/23/19,1841.92,,,,,
8/26/19,1823.09,,,,,
8/27/19,1793.83,,,,,
8/28/19,1647.08,,,,,
8/29/19,1604.05,,,,,
8/30/19,1632.52,,,,,
9/2/19,1665.28,,,,,
9/3/19,1672.45,,,,,
9/4/19,1655.86,,,,,
9/5/19,1613.48,,,,,
9/6/19,1575.65,,,,,
9/9/19,1634.76,,,,,
9/10/19,1604.54,,,,,
9/11/19,1568.81,,,,,
9/12/19,1579.04,,,,,
9/13/19,1567.38,,,,,
9/16/19,1581.94,,,,,
9/17/19,1663.85,,,,,
9/18/19,1743.2,,,,,
9/19/19,1753.7,,,,,
9/20/19,1714.56,,,,,
9/23/19,1633.3,,,,,
9/24/19,1364.78,,,,,
9/25/19,1375.11,,,,,
9/26/19,1350.74,,,,,
9/27/19,1345.9,,,,,
9/30/19,1396.34,,,,,
10/1/19,1397.12,,,,,
10/2/19,1414.34,,,,,
10/3/19,1397.41,,,,,
10/4/19,1436.02,,,,,
10/7/19,1486.66,,,,,
10/8/19,1499.95,,,,,
10/9/19,1571.65,,,,,
10/10/19,1543.25,,,,,
10/11/19,1507.04,,,,,
10/14/19,1515.97,,,,,
10/15/19,1490.21,,,,,
10/16/19,1424.23,,,,,
10/17/19,1476.91,,,,,
10/18/19,1444.12,,,,,
10/21/19,1466.12,,,,,
10/22/19,1475.32,,,,,
10/23/19,1373.72,,,,,
10/24/19,1402.81,,,,,
10/25/19,1517.04,,,,,
10/28/19,1659.65,,,,,
10/29/19,1628.54,,,,,
10/30/19,1618.65,,,,,
10/31/19,1626.73,,,,,
11/1/19,1631.17,,,,,
11/4/19,1699.76,,,,,
11/5/19,1721.85,,,,,
11/6/19,1725.56,,,,,
11/7/19,1726.84,,,,,
11/8/19,1674.92,,,,,
11/11/19,1706.96,,,,,
11/12/19,1742.88,,,,,
11/13/19,1761.82,,,,,
11/14/19,1754.72,,,,,
11/15/19,1710.45,,,,,
11/18/19,1662.99,,,,,
11/19/19,1615.36,,,,,
11/20/19,1594.18,,,,,
11/21/19,1489.2,,,,,
11/22/19,1411,,,,,
11/25/19,1383.91,,,,,
11/26/19,1401.46,,,,,
11/27/19,1448.64,,,,,
11/28/19,1476.45,,,,,
11/29/19,1512.82,,,,,
12/2/19,1419.54,,,,,
12/3/19,1423.09,,,,,
12/4/19,1391.65,,,,,
12/5/19,1403.42,,,,,
12/6/19,1422.41,,,,,
12/9/19,1404.22,,,,,
12/10/19,1357.8,,,,,
12/11/19,1366.64,,,,,
12/12/19,1390.59,,,,,
12/13/19,1391.63,,,,,
12/16/19,1301.81,,,,,
12/17/19,1190.73,,,,,
12/18/19,1301.21,,,,,
12/19/19,1291.57,,,,,
12/20/19,1330.77,,,,,
12/23/19,1331.45,,,,,
12/24/19,1313.06,,,,,
12/25/19,1299.59,,,,,
12/26/19,1319.99,,,,,
12/27/19,1316.23,,,,,
12/30/19,1322.94,,,,,
12/31/19,1293.57,,,,,
1/1/20,1329.03,,,,,
1/2/20,1265.55,,,,,
1/3/20,1329.68,,,,,
1/6/20,1403.27,,,,,
1/7/20,1426.48,,,,,
1/8/20,1396.72,,,,,
1/9/20,1378.55,,,,,
1/10/20,1420.51,,,,,
1/13/20,1463.87,,,,,
1/14/20,1590.01,,,,,
1/15/20,1751.07,,,,,
1/16/20,1772.18,,,,,
1/17/20,1829.62,,,,,
1/20/20,1775.07,,,,,
1/21/20,1786.76,,,,,
1/22/20,1782.96,,,,,
1/23/20,1681.52,,,,,
1/24/20,1715.24,,,,,
1/27/20,1833.17,,,,,
1/28/20,1850.01,,,,,
1/29/20,1918.18,,,,,
1/30/20,1945.17,,,,,
1/31/20,1900.37,,,,,
2/3/20,2001.7,,,,,
2/4/20,2020.71,,,,,
2/5/20,2104.91,,,,,
2/6/20,2163.24,,,,,
2/7/20,2170.88,,,,,
2/10/20,2240.8,,,,,
2/11/20,2380.23,,,,,
2/12/20,2478.25,,,,,
2/13/20,2428.81,,,,,
2/14/20,2531.65,,,,,
2/17/20,2194.27,,,,,
2/18/20,2343.42,,,,,
2/19/20,2290.71,,,,,
2/20/20,2127.88,,,,,
2/21/20,2188.03,,,,,
2/24/20,2101.51,,,,,
2/25/20,1977.58,,,,,
2/26/20,1808.36,,,,,
2/27/20,1893.17,,,,,
2/28/20,1808.22,,,,,
3/2/20,1938.45,,,,,
3/3/20,1907.93,,,,,
3/4/20,1919.3,,,,,
3/5/20,2008.95,,,,,
3/6/20,2011.81,,,,,
3/9/20,1631.91,,,,,
3/10/20,1693.86,,,,,
3/11/20,1613.8,,,,,
3/12/20,1185.89,,,,,
3/13/20,1069.95,,,,,
3/16/20,959.76,,,,,
3/17/20,1031.17,,,,,
3/18/20,1049.37,,,,,
3/19/20,1226.93,,,,,
3/20/20,1187.28,,,,,
3/23/20,1188.09,,,,,
3/24/20,1246.7,,,,,
3/25/20,1232.57,,,,,
3/26/20,1257.94,,,,,
3/27/20,1276.25,,,,,
3/30/20,1238.54,,,,,
3/31/20,1262.56,,,,,
4/1/20,1209.7,,,,,
4/2/20,1279.82,,,,,
4/3/20,1289.73,,,,,
4/6/20,1405.51,,,,,
4/7/20,1431.94,,,,,
4/8/20,1460.53,,,,,
4/9/20,1493.35,,,,,
4/10/20,1390.24,,,,,
4/13/20,1387.18,,,,,
4/14/20,1411.12,,,,,
4/15/20,1373.43,,,,,
4/16/20,1423.78,,,,,
4/17/20,1436.67,,,,,
4/20/20,1378.71,,,,,
4/21/20,1415.65,,,,,
4/22/20,1475.45,,,,,
4/23/20,1546.69,,,,,
4/24/20,1575.96,,,,,
4/27/20,1605.4,,,,,
4/28/20,1639.15,,,,,
4/29/20,1791.11,,,,,
4/30/20,1731.69,,,,,
5/1/20,1761.61,,,,,
5/4/20,1757.26,,,,,
5/5/20,1784.7,,,,,
5/6/20,1793.23,,,,,
5/7/20,1819.97,,,,,
5/8/20,1882.61,,,,,
5/11/20,1689.93,,,,,
5/12/20,1762.09,,,,,
5/13/20,1794.8,,,,,
5/14/20,1805.96,,,,,
5/15/20,1789.96,,,,,
5/18/20,1842.36,,,,,
5/19/20,1846.65,,,,,
5/20/20,1853.13,,,,,
5/21/20,1786.47,,,,,
5/22/20,1901.21,,,,,
5/25/20,1915.66,,,,,
5/26/20,1904.75,,,,,
5/27/20,1924.03,,,,,
5/28/20,1939.54,,,,,
5/29/20,1943.54,,,,,
6/1/20,2071.78,,,,,
6/2/20,2071.76,,,,,
6/3/20,2127.01,,,,,
6/4/20,2145.96,,,,,
6/5/20,2143.29,,,,,
6/8/20,2166.63,,,,,
6/9/20,2207.15,,,,,
6/10/20,2238.6,,,,,
6/11/20,2064.71,,,,,
6/12/20,2128.53,,,,,
6/15/20,2085.28,,,,,
6/16/20,2123.97,,,,,
6/17/20,2101.34,,,,,
6/18/20,2115.57,,,,,
6/19/20,2102.91,,,,,
6/22/20,2185.55,,,,,
6/23/20,2211.98,,,,,
6/24/20,2110.17,,,,,
6/25/20,2093.35,,,,,
6/26/20,2049.58,,,,,
6/29/20,2039.76,,,,,
6/30/20,2036.35,,,,,
7/1/20,2069.11,,,,,
7/2/20,2039.94,,,,,
7/3/20,2083.79,,,,,
7/6/20,2227.97,,,,,
7/7/20,2265.68,,,,,
7/8/20,2404.96,,,,,
7/9/20,2360.94,,,,,
7/10/20,2370.65,,,,,
7/13/20,2410.65,,,,,
7/14/20,2441.73,,,,,
7/15/20,2443.38,,,,,
7/16/20,2423.48,,,,,
7/17/20,2482.33,,,,,
7/20/20,2455.47,,,,,
7/21/20,2498.27,,,,,
7/22/20,2558.4,,,,,
7/23/20,2561.72,,,,,
7/24/20,2533.15,,,,,
7/27/20,2504.33,,,,,
7/28/20,2554.37,,,,,
7/29/20,2589.81,,,,,
7/30/20,2609.72,,,,,
7/31/20,2618.8,,,,,
8/3/20,2724.11,,,,,
8/4/20,2715.75,,,,,
8/5/20,2762.75,,,,,
8/6/20,2862.7,,,,,
8/7/20,2758.8,,,,,
8/10/20,3087.15,,,,,
8/11/20,2924.4,,,,,
8/12/20,3052.29,,,,,
8/13/20,3142.24,,,,,
8/14/20,3220.55,,,,,
8/17/20,3438.2,,,,,
8/18/20,3362.82,,,,,
8/19/20,3140.41,,,,,
8/20/20,3382.59,,,,,
8/21/20,3383.42,,,,,
8/24/20,3556.55,,,,,
8/25/20,3330.33,,,,,
8/26/20,3460.68,,,,,
8/27/20,3248.79,,,,,
8/28/20,3413.32,,,,,
8/31/20,3591.12,,,,,
9/1/20,3623.32,,,,,
9/2/20,3337.51,,,,,
9/3/20,3019.85,,,,,
9/4/20,2926.86,,,,,
9/7/20,2680.21,,,,,
9/8/20,2658.66,,,,,
9/9/20,2829.8,,,,,
9/10/20,2866.65,,,,,
9/11/20,2936.57,,,,,
9/14/20,2953.12,,,,,
9/15/20,2848.57,,,,,
9/16/20,2812.53,,,,,
9/17/20,2865.45,,,,,
9/18/20,2842.21,,,,,
9/21/20,2556.99,,,,,
9/22/20,2565.87,,,,,
9/23/20,2462.33,,,,,
9/24/20,2578.5,,,,,
9/25/20,2706.87,,,,,
9/28/20,2783.71,,,,,
9/29/20,2727.41,,,,,
9/30/20,2740.56,,,,,
10/1/20,2732.88,,,,,
10/2/20,2613.08,,,,,
10/5/20,2639.55,,,,,
10/6/20,2491.91,,,,,
10/7/20,2498.87,,,,,
10/8/20,2545.98,,,,,
10/9/20,2640.59,,,,,
10/12/20,2759.63,,,,,
10/13/20,2701.86,,,,,
10/14/20,2635.32,,,,,
10/15/20,2641.97,,,,,
10/16/20,2549.63,,,,,
10/19/20,2627.65,,,,,
10/20/20,2461.67,,,,,
10/21/20,2605.06,,,,,
10/22/20,2681.94,,,,,
10/23/20,2614.97,,,,,
10/26/20,2527.64,,,,,
10/27/20,2549.78,,,,,
10/28/20,2406.94,,,,,
10/29/20,2368.25,,,,,
10/30/20,2336.14,,,,,
11/2/20,2291.52,,,,,
11/3/20,2228.42,,,,,
11/4/20,2242.19,,,,,
11/5/20,2338.84,,,,,
11/6/20,2510.41,,,,,
11/9/20,2532.18,,,,,
11/10/20,2639.59,,,,,
11/11/20,2620.82,,,,,
11/12/20,2558.25,,,,,
11/13/20,2644.31,,,,,
11/16/20,2641.83,,,,,
11/17/20,2753.94,,,,,
11/18/20,2654.64,,,,,
11/19/20,2724.78,,,,,
11/20/20,2802.08,,,,,
11/23/20,3145.89,,,,,
11/24/20,3356.63,,,,,
11/25/20,3341.62,,,,,
11/26/20,2896.63,,,,,
11/27/20,2890.63,,,,,
11/30/20,3187.12,,,,,
12/1/20,3123.03,,,,,
12/2/20,3230.36,,,,,
12/3/20,3282.03,,,,,
12/4/20,3159.75,,,,,
12/7/20,3187.05,,,,,
12/8/20,3013.61,,,,,
12/9/20,3023.49,,,,,
12/10/20,2958.27,,,,,
12/11/20,2874.51,,,,,
12/14/20,3069.21,,,,,
12/15/20,3130.92,,,,,
12/16/20,3223.61,,,,,
12/17/20,3210.05,,,,,
12/18/20,3293.35,,,,,
12/21/20,3117.51,,,,,
12/22/20,3220.02,,,,,
12/23/20,3009.42,,,,,
12/24/20,2986.14,,,,,
12/25/20,3092.87,,,,,
12/28/20,3416.33,,,,,
12/29/20,3306.88,,,,,
12/30/20,3343.01,,,,,
12/31/20,3350.03,,,,,
1/1/21,3429.63,,,,,
1/4/21,3704.85,,,,,
1/5/21,4074.91,,,,,
1/6/21,4333.18,,,,,
1/7/21,4519.9,,,,,
1/8/21,4212.47,,,,,
1/11/21,4019.24,,,,,
1/12/21,4361.95,,,,,
1/13/21,4644.88,,,,,
1/14/21,4842.15,,,,,
1/15/21,4621.07,,,,,
1/18/21,5212.4,,,,,
1/19/21,5190.37,,,,,
1/20/21,5182.68,,,,,
1/21/21,4748.32,,,,,
1/22/21,5005.13,,,,,
1/25/21,5119.92,,,,,
1/26/21,5096.12,,,,,
1/27/21,4890.16,,,,,
1/28/21,5178.2,,,,,
1/29/21,5206.25,,,,,
2/1/21,5443.79,,,,,
2/2/21,5683.3,,,,,
2/3/21,5964.94,,,,,
2/4/21,6304.89,,,,,
2/5/21,6897.64,,,,,
2/8/21,7232.29,,,,,
2/9/21,7969.68,,,,,
2/10/21,7948.27,,,,,
2/11/21,8867.24,,,,,
2/12/21,9796.87,,,,,
2/15/21,10239.69,,,,,
2/16/21,9684.03,,,,,
2/17/21,10292.14,,,,,
2/18/21,10883.97,,,,,
2/19/21,11273.91,,,,,
2/22/21,10714.21,,,,,
2/23/21,8956.47,,,,,
2/24/21,9849.7,,,,,
2/25/21,9973.32,,,,,
2/26/21,9143.02,,,,,
3/1/21,9705.49,,,,,
3/2/21,9719.17,,,,,
3/3/21,10609.99,,,,,
3/4/21,10380.4,,,,,
3/5/21,10695.11,,,,,
3/8/21,11461.87,,,,,
3/9/21,12494.13,,,,,
3/10/21,12306.44,,,,,
3/11/21,13163.85,,,,,
3/12/21,13050.18,,,,,
3/15/21,14253.81,,,,,
3/16/21,14146.23,,,,,
3/17/21,14730.77,,,,,
3/18/21,14728.87,,,,,
3/19/21,15390.29,,,,,
3/22/21,15073.67,,,,,
3/23/21,14908.22,,,,,
3/24/21,14780.11,,,,,
3/25/21,13900.21,,,,,
3/26/21,14817.79,,,,,
3/29/21,16808.51,,,,,
3/30/21,17548.6,,,,,
3/31/21,17174.57,,,,,
4/1/21,17528.01,,,,,
4/2/21,18067.34,,,,,
4/5/21,19306.55,,,,,
4/6/21,18856,,,,,
4/7/21,17609.57,,,,,
4/8/21,19275.22,,,,,
4/9/21,20093.49,,,,,
4/12/21,19541.5,,,,,
4/13/21,19835.13,,,,,
4/14/21,19453.1,,,,,
4/15/21,21539.92,,,,,
4/16/21,21986.97,,,,,
4/19/21,19687.53,,,,,
4/20/21,19834.16,,,,,
4/21/21,20095.89,,,,,
4/22/21,18897.68,,,,,
4/23/21,17028.74,,,,,
4/26/21,18845.69,,,,,
4/27/21,20166.9,,,,,
4/28/21,20652.45,,,,,
4/29/21,20023.54,,,,,
4/30/21,21366.47,,,,,
5/3/21,22985.42,,,,,
5/4/21,22081.42,,,,,
5/5/21,24141.59,,,,,
5/6/21,25603.74,,,,,
5/7/21,25659.26,,,,,
5/10/21,23242.71,,,,,
5/11/21,24785.08,,,,,
5/12/21,24161.11,,,,,
5/13/21,21370.74,,,,,
5/14/21,23785.39,,,,,
5/17/21,21564.37,,,,,
5/18/21,23006.18,,,,,
5/19/21,17124.8,,,,,
5/20/21,17782.85,,,,,
5/21/21,14692.39,,,,,
5/24/21,15618.66,,,,,
5/25/21,15095.54,,,,,
5/26/21,17236.43,,,,,
5/27/21,17144.32,,,,,
5/28/21,15500.84,,,,,
5/31/21,15743.06,,,,,
6/1/21,15562.36,,,,,
6/2/21,16632.64,,,,,
6/3/21,16746.52,,,,,
6/4/21,15662.51,,,,,
6/7/21,15519.25,,,,,
6/8/21,14038.37,,,,,
6/9/21,14796.54,,,,,
6/10/21,14412.03,,,,,
6/11/21,14026.15,,,,,
6/14/21,14574.05,,,,,
6/15/21,14838.65,,,,,
6/16/21,14562.77,,,,,
6/17/21,14248.62,,,,,
6/18/21,12903.52,,,,,
6/21/21,11244.24,,,,,
6/22/21,10050.46,,,,,
6/23/21,10412.27,,,,,
6/24/21,11276.19,,,,,
6/25/21,10403.16,,,,,
6/28/21,11222.5,,,,,
6/29/21,12019.78,,,,,
6/30/21,11775.7,,,,,
7/1/21,11464.09,,,,,
7/2/21,11544.18,,,,,
7/5/21,11994.84,,,,,
7/6/21,12417.13,,,,,
7/7/21,13163.15,,,,,
7/8/21,12214.96,,,,,
7/9/21,12134.43,,,,,
7/12/21,11927.44,,,,,
7/13/21,11775.8,,,,,
7/14/21,11836.74,,,,,
7/15/21,11533.65,,,,,
7/16/21,11282.72,,,,,
7/19/21,10347.98,,,,,
7/20/21,9846.25,,,,,
7/21/21,10352.85,,,,,
7/22/21,10930.18,,,,,
7/23/21,10915.03,,,,,
7/26/21,12426.31,,,,,
7/27/21,11858.16,,,,,
7/28/21,12153.03,,,,,
7/29/21,12346.14,,,,,
7/30/21,12578.29,,,,,
8/2/21,13056.93,,,,,
8/3/21,12857.79,,,,,
8/4/21,13406.46,,,,,
8/5/21,13652.07,,,,,
8/6/21,14288.36,,,,,
8/9/21,14966.33,,,,,
8/10/21,15378.79,,,,,
8/11/21,16698.75,,,,,
8/12/21,15984.96,,,,,
8/13/21,16819.06,,,,,
8/16/21,17502.01,,,,,
8/17/21,17246.13,,,,,
8/18/21,16545.78,,,,,
8/19/21,17282.57,,,,,
8/20/21,18034.5,,,,,
8/23/21,18988.31,,,,,
8/24/21,18187.97,,,,,
8/25/21,18388.95,,,,,
8/26/21,17306.19,,,,,
8/27/21,18094.99,,,,,
8/30/21,19095.43,,,,,
8/31/21,18563.93,,,,,
9/1/21,19346.03,,,,,
9/2/21,19555.16,,,,,
9/3/21,20337.2,,,,,
9/6/21,21728.21,,,,,
9/7/21,18426.96,,,,,
9/8/21,19323.54,,,,,
9/9/21,19992.32,,,,,
9/10/21,19198.38,,,,,
9/13/21,18930.67,,,,,
9/14/21,19374.54,,,,,
9/15/21,20459.66,,,,,
9/16/21,20073.26,,,,,
9/17/21,19515.2,,,,,
9/20/21,18789.41,,,,,
9/21/21,18663.14,,,,,
9/22/21,19035.39,,,,,
9/23/21,20271.34,,,,,
9/24/21,19722.07,,,,,
9/27/21,18714.11,,,,,
9/28/21,17819.28,,,,,
9/29/21,17838.71,,,,,
9/30/21,17969.72,,,,,
10/1/21,19777.65,,,,,
10/4/21,19668.08,,,,,
10/5/21,19473.16,,,,,
10/6/21,18900.79,,,,,
10/7/21,19330.23,,,,,
10/8/21,20217.05,,,,,
10/11/21,19651.01,,,,,
10/12/21,18981.65,,,,,
10/13/21,19319.56,,,,,
10/14/21,19001.45,,,,,
10/15/21,18299.22,,,,,
10/18/21,16601.28,,,,,
10/19/21,18418.48,,,,,
10/20/21,18086.86,,,,,
10/21/21,17797.88,,,,,
10/22/21,17768.97,,,,,
10/25/21,18657.11,,,,,
10/26/21,18861.32,,,,,
10/27/21,17278.91,,,,,
10/28/21,17475.58,,,,,
10/29/21,17140.32,,,,,
11/1/21,17836.59,,,,,
11/2/21,18464.12,,,,,
11/3/21,18625.19,,,,,
11/4/21,17843.37,,,,,
11/5/21,17998.07,,,,,
11/8/21,18100.03,,,,,
11/9/21,19155.77,,,,,
11/10/21,18527.11,,,,,
11/11/21,20590.34,,,,,
11/12/21,20814.54,,,,,
11/15/21,19992.09,,,,,
11/16/21,18379.04,,,,,
11/17/21,18452.18,,,,,
11/18/21,17911.2,,,,,
11/19/21,18470.05,,,,,
11/22/21,17832.28,,,,,
11/23/21,18472.8,,,,,
11/24/21,18705.26,,,,,
11/25/21,19791.37,,,,,
11/26/21,18669.29,,,,,
11/29/21,18692.35,,,,,
11/30/21,18289.9,,,,,
12/1/21,18487.51,,,,,
12/2/21,18355.97,,,,,
12/3/21,17351.26,,,,,
12/6/21,14540.74,,,,,
12/7/21,14827.37,,,,,
12/8/21,15082.85,,,,,
12/9/21,14241.09,,,,,
12/10/21,14218.07,,,,,
12/13/21,13603.14,,,,,
12/14/21,14692.29,,,,,
12/15/21,15750.48,,,,,
12/16/21,16251.87,,,,,
12/17/21,15067.89,,,,,
12/20/21,15108.89,,,,,
12/21/21,15583.72,,,,,
12/22/21,16191.27,,,,,
12/23/21,16887.19,,,,,
12/24/21,17142.44,,,,,
12/27/21,17881.26,,,,,
12/28/21,16521.84,,,,,
12/29/21,16307.91,,,,,
12/30/21,16393.37,,,,,
12/31/21,16032.61,,,,,
1/3/22,16812.81,,,,,
1/4/22,17183.66,,,,,
1/5/22,16281.96,,,,,
1/6/22,15837.68,,,,,
1/7/22,15058.66,,,,,
1/10/22,14116.64,,,,,
1/11/22,14712.18,,,,,
1/12/22,15523.66,,,,,
1/13/22,15085.62,,,,,
1/14/22,15197.17,,,,,
1/17/22,14740.12,,,,,